{
  "id": "3628361",
  "name": "vite-app",
  "font_family": "iconfont",
  "css_prefix_text": "icon-",
  "description": "",
  "glyphs": [
    {
      "icon_id": "1265",
      "name": "人民币",
      "font_class": "renminbi",
      "unicode": "e600",
      "unicode_decimal": 58880
    },
    {
      "icon_id": "1427",
      "name": "公交",
      "font_class": "gongjiao",
      "unicode": "e601",
      "unicode_decimal": 58881
    },
    {
      "icon_id": "1443",
      "name": "飞机",
      "font_class": "feiji",
      "unicode": "e602",
      "unicode_decimal": 58882
    },
    {
      "icon_id": "5018",
      "name": "药品",
      "font_class": "yaopin",
      "unicode": "e603",
      "unicode_decimal": 58883
    },
    {
      "icon_id": "88228",
      "name": "购物车-选中",
      "font_class": "gouwuchexuanzhong",
      "unicode": "e604",
      "unicode_decimal": 58884
    },
    {
      "icon_id": "182642",
      "name": "其他",
      "font_class": "qita",
      "unicode": "e61a",
      "unicode_decimal": 58906
    },
    {
      "icon_id": "579741",
      "name": "用户",
      "font_class": "yonghu",
      "unicode": "e788",
      "unicode_decimal": 59272
    },
    {
      "icon_id": "629333",
      "name": "设置",
      "font_class": "shezhi",
      "unicode": "e64b",
      "unicode_decimal": 58955
    },
    {
      "icon_id": "1026987",
      "name": "class-notes",
      "font_class": "classnotes",
      "unicode": "e643",
      "unicode_decimal": 58947
    },
    {
      "icon_id": "1687171",
      "name": "日用",
      "font_class": "ziyuan",
      "unicode": "e629",
      "unicode_decimal": 58921
    },
    {
      "icon_id": "2076418",
      "name": "修改",
      "font_class": "xiugai",
      "unicode": "e8cf",
      "unicode_decimal": 59599
    },
    {
      "icon_id": "6251508",
      "name": "icon_三角形",
      "font_class": "icon_sanjiaoxing",
      "unicode": "e6bb",
      "unicode_decimal": 59067
    },
    {
      "icon_id": "6337455",
      "name": "点赞",
      "font_class": "dianzan",
      "unicode": "ec7f",
      "unicode_decimal": 60543
    },
    {
      "icon_id": "7791010",
      "name": "服饰",
      "font_class": "fushi",
      "unicode": "e7ec",
      "unicode_decimal": 59372
    },
    {
      "icon_id": "7791016",
      "name": "餐饮",
      "font_class": "canyin",
      "unicode": "e7ed",
      "unicode_decimal": 59373
    },
    {
      "icon_id": "7791028",
      "name": "学习",
      "font_class": "xuexi",
      "unicode": "e7f1",
      "unicode_decimal": 59377
    },
    {
      "icon_id": "8953062",
      "name": "notes",
      "font_class": "notes",
      "unicode": "e822",
      "unicode_decimal": 59426
    },
    {
      "icon_id": "11520233",
      "name": "笑脸",
      "font_class": "xiaolian",
      "unicode": "e75a",
      "unicode_decimal": 59226
    },
    {
      "icon_id": "11372659",
      "name": "更多",
      "font_class": "gengduo1",
      "unicode": "e8af",
      "unicode_decimal": 59567
    },
    {
      "icon_id": "4896380",
      "name": "更多",
      "font_class": "gengduo",
      "unicode": "ec1c",
      "unicode_decimal": 60444
    },
    {
      "icon_id": "1304890",
      "name": "搜索",
      "font_class": "sousuo",
      "unicode": "e622",
      "unicode_decimal": 58914
    }
  ]
}
